{
    "num_nodes": 16,
    "num_segments": 17,
    "node_coords": [
        [
            252,
            37
        ],
        [
            339,
            41
        ],
        [
            140,
            42
        ],
        [
            584,
            122
        ],
        [
            69,
            177
        ],
        [
            113,
            288
        ],
        [
            674,
            330
        ],
        [
            230,
            402
        ],
        [
            417,
            417
        ],
        [
            331,
            466
        ],
        [
            274,
            155
        ],
        [
            301,
            302
        ],
        [
            361,
            146
        ],
        [
            395,
            309
        ],
        [
            171,
            166
        ],
        [
            203,
            295
        ]
    ],
    "node_names": [
        null,
        null,
        null,
        null,
        null,
        null,
        null,
        null,
        null,
        null,
        null,
        null,
        null,
        null,
        null,
        null
    ],
    "segments": [
        [
            0,
            10
        ],
        [
            10,
            11
        ],
        [
            11,
            9
        ],
        [
            1,
            12
        ],
        [
            12,
            13
        ],
        [
            13,
            8
        ],
        [
            2,
            14
        ],
        [
            14,
            15
        ],
        [
            15,
            7
        ],
        [
            4,
            14
        ],
        [
            14,
            10
        ],
        [
            10,
            12
        ],
        [
            12,
            3
        ],
        [
            5,
            15
        ],
        [
            15,
            11
        ],
        [
            11,
            13
        ],
        [
            13,
            6
        ]
    ],
    "segment_names": [
        null,
        null,
        null,
        null,
        null,
        null,
        null,
        null,
        null,
        null,
        null,
        null,
        null,
        null,
        null,
        null,
        null
    ],
    "surfaces": [
        [
            10,
            14,
            15,
            11
        ],
        [
            12,
            10,
            11,
            13
        ]
    ],
    "surface_names": [
        null,
        null
    ],
    "nodal_loads": [],
    "segment_loads": []
}